country,continent,year,lifeExp,pop,gdpPercap
Afghanistan,Asia,1952,28.801,8425333,779.4453145
Afghanistan,Asia,1957,30.332,9240934,820.8530296
Afghanistan,Asia,1962,31.997,10267083,853.10071
Afghanistan,Asia,1967,34.02,11537966,836.1971382
Afghanistan,Asia,1972,36.088,13079460,739.9811058
Afghanistan,Asia,1977,38.438,14880372,786.11336
